USE boticanovasalud_nueva;
SET FOREIGN_KEY_CHECKS = 0;

INSERT INTO `cargos` (`id_cargo`, `nombre_cargo`) VALUES (1,'Administrador'),(2,'Cajero');
INSERT INTO `categorias` (`id_categoria`, `nombre_categoria`, `descripcion`) VALUES (1,'Analgesicos',NULL),(2,'Antibioticos',NULL),(3,'Vitaminas y Suplementos',NULL),(4,'Antiinflamatorios',NULL),(5,'Antiacidos',NULL),(6,'Antialergicos',NULL),(7,'Antihipertensivos',NULL),(8,'Uso Externo',NULL);
INSERT INTO `clientes` (`id_cliente`, `numero_documento`, `nombres_razon_social`) VALUES (1,'87654321','vizcarra'),(2,'12345778','Juan Carlos Perez Lopez'),(3,'98765432','Maria Elena Rodriguez'),(4,'20512345123','FARMACIA SAN JUAN S.A.C.'),(26,'12345678','pedro'),(27,'456789123','JUAN PABLO'),(28,'12345678913','LOGITEC'),(29,'12345678918','inges');
INSERT INTO `empleados` (`id_empleado`, `dni`, `nombres`, `apellidos`, `id_cargo`) VALUES (1,'12345678','Carlos','Mendoza Rios',1),(2,'87654321','Lucia','Torres Vargas',2),(4,'44332211','Ana','Flores Diaz',2),(5,'65478912','Luis','Gutierrez',1);
INSERT INTO `laboratorios` (`id_laboratorio`, `nombre_laboratorio`, `contacto_proveedor`, `telefono_contacto`, `estado`) VALUES (1,'Bayer',NULL,NULL,1),(2,'MK',NULL,NULL,1),(3,'Medifarma',NULL,NULL,1),(4,'Genfar',NULL,NULL,1),(5,'Farmindustria',NULL,NULL,1),(6,'Teva',NULL,NULL,1),(7,'Abbott',NULL,NULL,1),(8,'Pfizer',NULL,NULL,1);
INSERT INTO `presentaciones` (`id_presentacion`, `nombre_presentacion`) VALUES (1,'Tableta'),(2,'Capsula'),(3,'Jarabe'),(4,'Inyectable'),(5,'Crema'),(6,'Gel'),(7,'Gotas'),(8,'Supositorio'),(9,'Parche'),(10,'');
INSERT INTO `unidades_medida` (`id_unit`, `nombre_unidad`) VALUES (1,'Unidad'),(2,'Blister x10'),(3,'Blister x12'),(4,'Caja x100'),(5,'Frasco'),(6,'Ampolla'),(7,'Caja'),(8,'Blíster');
INSERT INTO `tipos_comprobantes` (`id_tipo_comprobante`, `nombre_documento`, `serie_actual`, `correlativo_actual`) VALUES (1,'BOLETA','B001',7),(2,'FACTURA','F001',1);
INSERT INTO `productos` (`id_producto`, `id_laboratorio`, `id_categoria`, `id_presentacion`, `nombre_comercial`, `principio_activo`, `stock_actual_unidades`, `stock_minimo_unidades`, `fecha_vencimiento`) VALUES (1,3,1,1,'Paracetamol 500mg','Paracetamol',90,20,NULL),(2,3,1,1,'Ibuprofeno 400mg','Ibuprofeno',150,20,NULL),(3,4,3,2,'Amoxicilina 500mg','Amoxicilina',6,10,NULL),(4,1,4,1,'Diclofenaco 50mg','Diclofenaco S-dico',120,15,NULL),(5,3,5,3,'Omeprazol 20mg Jarabe','Omeprazol',80,10,NULL),(6,3,3,2,'Vitamina C 1000mg','Ácido Ascórbico',300,30,NULL),(7,3,1,3,'NihoFebril Jarabe 120ml','Paracetamol Pediátrico',57,10,NULL),(8,4,6,1,'Loratadina 10mg','Loratadina',180,20,NULL),(9,5,7,1,'Enalapril 10mg','Enalapril Maleato',250,25,NULL),(10,3,8,5,'Betametasona Crema 15g','Betametasona',45,5,NULL),(11,2,2,2,'Azitromicina 500mg','Azitromicina',70,10,NULL),(12,1,4,4,'Diclofenaco Inyectable 75mg','Diclofenaco S-dico',30,5,NULL),(13,1,7,1,'Panadol','nose',150,10,NULL);
INSERT INTO `productos_precios` (`id_producto_precio`, `id_producto`, `id_unidad`, `cantidad_equivalente`, `precio_venta`) VALUES (1,1,1,1,0.50),(2,1,2,10,4.50),(3,1,4,100,40.00),(4,2,1,1,0.60),(5,2,2,10,5.50),(6,2,4,100,50.00),(7,3,1,1,1.20),(8,3,3,12,13.00),(9,4,1,1,0.40),(10,4,2,10,3.50),(11,5,5,1,18.50),(12,6,1,1,1.00),(13,6,2,10,9.00),(14,6,4,100,85.00),(15,7,5,1,12.90),(16,8,1,1,0.80),(17,8,2,10,7.00),(18,9,1,1,0.35),(19,9,2,10,3.00),(20,9,4,100,28.00),(21,10,5,1,9.50),(22,11,1,1,3.50),(23,11,3,3,9.90),(24,12,6,1,2.50),(25,12,5,10,22.00),(26,13,7,30,53.00),(27,13,8,10,19.50),(28,13,1,1,2.00);
INSERT INTO `usuarios` (`id_usuario`, `username`, `password_hash`, `id_empleado`) VALUES (1,'admin','240be518fabd2724ddb6f04eeb1da5967448d7e831c08c8fa822809f74c720a9',1),(2,'cajero1','1ed4353e845e2e537e017c0fac3a0d402d231809b7989e90da15191c1148a93f',2),(3,'cajero2','1ed4353e845e2e537e017c0fac3a0d402d231809b7989e90da15191c1148a93f',4);
SET FOREIGN_KEY_CHECKS = 1;
